{
    "read_files": "( fastq/SRR1039516_1.fastq.gz, fastq/SRR1039516_2.fastq.gz )",
    "expected_format": "IU",
    "compatible_fragment_ratio": 0.9973566373509706,
    "num_compatible_fragments": 25407410,
    "num_assigned_fragments": 25474749,
    "num_consistent_mappings": 95058108,
    "num_inconsistent_mappings": 4495475,
    "strand_mapping_bias": 0.49894184723306297,
    "MSF": 0,
    "OSF": 52993,
    "ISF": 47629640,
    "MSR": 0,
    "OSR": 53149,
    "ISR": 47428468,
    "SF": 2160346,
    "SR": 2058920,
    "MU": 0,
    "OU": 0,
    "IU": 0,
    "U": 0
}