{
    "read_files": "( fastq/SRR1039512_1.fastq.gz, fastq/SRR1039512_2.fastq.gz )",
    "expected_format": "IU",
    "compatible_fragment_ratio": 0.997006902447139,
    "num_compatible_fragments": 26314395,
    "num_assigned_fragments": 26393393,
    "num_consistent_mappings": 102292780,
    "num_inconsistent_mappings": 3781576,
    "strand_mapping_bias": 0.4988227223856855,
    "MSF": 0,
    "OSF": 41764,
    "ISF": 51266817,
    "MSR": 0,
    "OSR": 40984,
    "ISR": 51025963,
    "SF": 1767761,
    "SR": 1697246,
    "MU": 0,
    "OU": 0,
    "IU": 0,
    "U": 0
}